{"cameraMode":{"drawMode":0,"name":"Shaded","section":"Shading Mode"},"sceneLighting":true,"audioPlay":false,"sceneViewState":{"showFog":true,"showMaterialUpdate":false,"showSkybox":true,"showFlares":true,"showImageEffects":true,"showParticleSystems":true},"in2DMode":false,"pivot":{"x":3.8349156379699709,"y":2.731320381164551,"z":11.221220970153809},"rotation":{"x":-0.11853157728910446,"y":0.8025808334350586,"z":-0.1700664907693863,"w":-0.5593865513801575},"size":8.124839782714844,"orthographic":false}